test_0: self.assertEqual(['Hi', 'my', 'name', 'is', 'John'], words_string('Hi, my name is John'))
test_1: self.assertEqual(['One', 'two', 'three', 'four', 'five', 'six'], words_string('One, two, three, four, five, six'))
test_2: self.assertEqual(['Hi', 'my', 'name'], words_string('Hi, my name'))
test_3: self.assertEqual(['One', 'two', 'three', 'four', 'five', 'six'], words_string('One,, two, three, four, five, six,'))
test_4: self.assertEqual([], words_string(''))
test_5: self.assertEqual(['ahmed', 'gamal'], words_string('ahmed     , gamal'))
test_6: self.assertEqual(['Elephant', 'giraffe', 'lion', 'zebra'], words_string('Elephant,giraffe,,lion,zebra'))
test_7: self.assertEqual(['Hi', 'there', 'is', 'a', 'lot', 'of', 'space'], words_string('Hi,there is,a lot,of,space   ,     ,'))
test_8: self.assertEqual(['Multi', 'line', 'string', 'Hello', 'world!'], words_string('Multi\nline\nstring\nHello,\nworld!\n'))
