test_0: self.assertEqual("", make_palindrome(''))
test_1: self.assertEqual("x", make_palindrome('x'))
test_2: self.assertEqual("xyzyx", make_palindrome('xyz'))
test_3: self.assertEqual("xyx", make_palindrome('xyx'))
test_4: self.assertEqual("jerryrrej", make_palindrome('jerry'))
test_5: self.assertEqual("racecar", make_palindrome('race'))
test_6: self.assertEqual("level", make_palindrome('level'))
test_7: self.assertEqual("raracececarar", make_palindrome('raracece'))
test_8: self.assertEqual("raceredderecar", make_palindrome('raceredder'))
test_9: self.assertEqual("abacabacaba", make_palindrome('abacabacaba'))
test_10: self.assertEqual("rrefreracecarerferr", make_palindrome('rrefrerace'))
test_11: self.assertEqual("", make_palindrome(''))
